Company,Address,Address Source,Latitude,Longitude,Area,Startup Source
Abnormal Security,"New York, New York, 10003",OpenStreetMap/Nominatim reverse geocode from map pin,40.7349661,-73.9905946,flatiron,felt
Adonis,"55 Wall Street, New York, New York, 10005",OpenStreetMap/Nominatim reverse geocode from map pin,40.7058848,-74.0091414,fidi,felt
Arena AI,"117 East 15th Street, New York, New York, 10003",OpenStreetMap/Nominatim reverse geocode from map pin,40.7349396,-73.9885798,flatiron,felt+airtable
Axion Ray,"99 Grand Street, New York, New York, 11249",OpenStreetMap/Nominatim reverse geocode from map pin,40.7156999,-73.963491,brooklyn,felt+airtable
Basis,"18 East 18th Street, New York, New York, 10003",OpenStreetMap/Nominatim reverse geocode from map pin,40.7377422,-73.9908636,flatiron,felt+airtable
Captions,"45 East 9th Street, New York, New York, 10003",OpenStreetMap/Nominatim reverse geocode from map pin,40.7317604,-73.9932236,flatiron,felt+airtable
Character.ai,"115 East 9th Street, New York, New York, 10003",OpenStreetMap/Nominatim reverse geocode from map pin,40.7306952,-73.9892212,flatiron,felt+airtable
Cognition,"232 East 13th Street, New York, New York, 10003",OpenStreetMap/Nominatim reverse geocode from map pin,40.7319764,-73.9865154,flatiron,felt+airtable
Cohere,"23 Bethune Street, New York, New York, 10014",OpenStreetMap/Nominatim reverse geocode from map pin,40.7366681,-74.0072847,west-side,felt+airtable
Conductor AI,"172 Pearl Street, New York, New York, 10005",OpenStreetMap/Nominatim reverse geocode from map pin,40.7063507,-74.0071942,fidi,felt+airtable
Datadog,"450 7th Avenue, New York, New York, 10123",OpenStreetMap/Nominatim reverse geocode from map pin,40.7514064,-73.990283,midtown,felt+airtable
Diode,"9th Row, New York, New York, 11251",OpenStreetMap/Nominatim reverse geocode from map pin,40.698723,-73.9760711,brooklyn,felt+airtable
Diplo AI,"68 William Street, New York, New York, 10005",OpenStreetMap/Nominatim reverse geocode from map pin,40.7076981,-74.0083393,fidi,felt
Eleven Labs,"177 Madison Avenue, New York, New York, 10016",OpenStreetMap/Nominatim reverse geocode from map pin,40.7473539,-73.9829156,midtown,felt+airtable
Endex,"433 West Broadway, New York, New York, 10012",OpenStreetMap/Nominatim reverse geocode from map pin,40.7253805,-74.0010235,west-side,felt+airtable
Etsy,"Tillary Street, New York, New York, 11242",OpenStreetMap/Nominatim reverse geocode from map pin,40.6961032,-73.9899614,brooklyn,felt+airtable
Fractal Tech,"49 South 2nd Street, New York, New York, 11249",OpenStreetMap/Nominatim reverse geocode from map pin,40.7148223,-73.9660652,brooklyn,felt
Glif.app,"89 East 42nd Street, New York, New York, 10017",OpenStreetMap/Nominatim reverse geocode from map pin,40.7522186,-73.9772717,midtown,felt+airtable
Hebbia,"455 Broadway, New York, New York, 10013",OpenStreetMap/Nominatim reverse geocode from map pin,40.7207237,-74.0010337,soho,felt+airtable
Hugging Face,"104 Tillary Street, New York, New York, 11201",OpenStreetMap/Nominatim reverse geocode from map pin,40.6960721,-73.9864229,brooklyn,felt+airtable
Hume.ai,"50 Gramercy Park North, New York, New York, 10010",OpenStreetMap/Nominatim reverse geocode from map pin,40.7383425,-73.986331,flatiron,felt+airtable
Modal,"8 Centre Market Place, New York, New York, 10013",OpenStreetMap/Nominatim reverse geocode from map pin,40.7201832,-73.997414,soho,felt+airtable
Nomic,"110 East 14th Street, New York, New York, 10003",OpenStreetMap/Nominatim reverse geocode from map pin,40.7338522,-73.988917,flatiron,felt
Norm AI,"25 Broad Street, New York, New York, 10004",OpenStreetMap/Nominatim reverse geocode from map pin,40.7060838,-74.0110631,fidi,felt+airtable
Norm AI,"15 William Street, New York, New York, 10005",OpenStreetMap/Nominatim reverse geocode from map pin,40.7054331,-74.0102048,fidi,felt+airtable
osmo.ai,"20 Union Square West, New York, New York, 10003",OpenStreetMap/Nominatim reverse geocode from map pin,40.7364459,-73.989878,flatiron,felt+airtable
Patronus.ai,"128 East 10th Street, New York, New York, 10003",OpenStreetMap/Nominatim reverse geocode from map pin,40.7301567,-73.9877532,flatiron,felt+airtable
Pinecone,"Broadway, New York, New York, 10118",OpenStreetMap/Nominatim reverse geocode from map pin,40.7477441,-73.988356,midtown,felt+airtable
Podium Automation,"Navy Yard Drive, New York, New York, 11251",OpenStreetMap/Nominatim reverse geocode from map pin,40.699735,-73.9778226,brooklyn,felt+airtable
Princeton,"Battery Park City Greenway, New York, New York, 10280",OpenStreetMap/Nominatim reverse geocode from map pin,40.7074633,-74.024295,fidi,felt
PromptLayer,"55 East 8th Street, New York, New York, 10003",OpenStreetMap/Nominatim reverse geocode from map pin,40.731321,-73.9935622,flatiron,felt+airtable
Replit,"86 Carlton Avenue, New York, New York, 11205",OpenStreetMap/Nominatim reverse geocode from map pin,40.6950298,-73.9739871,brooklyn,felt+airtable
Replit,"124 Carlton Avenue, New York, New York, 11205",OpenStreetMap/Nominatim reverse geocode from map pin,40.6944076,-73.9731665,brooklyn,felt+airtable
Robinhood,"414 West 15th Street, New York, New York, 10011",OpenStreetMap/Nominatim reverse geocode from map pin,40.7420252,-74.006166,west-side,felt+airtable
Rogo,"1 Vanderbilt Avenue, New York, New York, 10017",OpenStreetMap/Nominatim reverse geocode from map pin,40.7532487,-73.9787363,midtown,felt+airtable
Runhouse,"126 East 13th Street, New York, New York, 10003",OpenStreetMap/Nominatim reverse geocode from map pin,40.7330241,-73.988779,flatiron,felt+airtable
Runway,"21 East 12th Street, New York, New York, 10003",OpenStreetMap/Nominatim reverse geocode from map pin,40.7341292,-73.992965,flatiron,felt+airtable
Sandbar,"Little West 12th Street, New York, New York, 10014",OpenStreetMap/Nominatim reverse geocode from map pin,40.7417379,-74.008057,west-side,felt+airtable
Seek AI,"11 Lispenard Street, New York, New York, 10013",OpenStreetMap/Nominatim reverse geocode from map pin,40.7204872,-74.00454,soho,felt+airtable
Slingshot.ai,"140 4th Avenue, New York, New York, 10003",OpenStreetMap/Nominatim reverse geocode from map pin,40.7340474,-73.9899434,flatiron,felt+airtable
Snowflake,"45 West 35th Street, New York, New York, 10001",OpenStreetMap/Nominatim reverse geocode from map pin,40.7501343,-73.986113,midtown,felt+airtable
Spotify,"185 Greenwich Street, New York, New York, 10048",OpenStreetMap/Nominatim reverse geocode from map pin,40.7101793,-74.0124695,fidi,felt+airtable
Stainless API,"Tillary Street, New York, New York, 11251",OpenStreetMap/Nominatim reverse geocode from map pin,40.6960712,-73.983292,brooklyn,felt+airtable
Summer Health,"28 East 20th Street, New York, New York, 10003",OpenStreetMap/Nominatim reverse geocode from map pin,40.7386876,-73.9889957,flatiron,felt+airtable
Tennr,"Astor Place, New York, New York, 10003",OpenStreetMap/Nominatim reverse geocode from map pin,40.7297238,-73.9900514,flatiron,felt+airtable
Together AI,"777 3RD AVE, NEW YORK, NY, 10017",User supplied; Census geocoded,40.754588212187,-73.971575291769,midtown,user
Vic.ai,"142 East 49th Street, New York, New York, 10017",OpenStreetMap/Nominatim reverse geocode from map pin,40.7553967,-73.97223,midtown,felt+airtable
Wiz,"West 26th Street, New York, New York, 10199",OpenStreetMap/Nominatim reverse geocode from map pin,40.7479997,-73.9977045,midtown,felt+airtable
